text,Sentiment
Awe-inspired by the grandeur of an ancient cathedral's intricate architecture.,Awe
Awe-struck by the grandeur of an ancient cathedral's intricate architecture.,Awe
"Walking the Great Wall of China, each step a testament to ancient engineering marvels. ",Awe
Euphoria floods in as the final puzzle piece clicks into place.,Euphoria
Euphoria floods in as the final puzzle piece fits perfectly.,Euphoria
"Exploring the ancient ruins of Angkor Wat, each stone whispering stories of Khmer civilization. ",Exploration
Heartfelt gratitude for the laughter shared during a family reunion.,Gratitude
Heartfelt gratitude for the laughter shared during a family reunion.,Gratitude
"Sailing the azure waters of the Maldives, each wave a whisper of serenity in paradise. ",Serenity
"Cruising the fjords of Norway, each icy landscape a breathtaking masterpiece of nature's grandeur. ",Grandeur
"Witnessing a record-breaking marathon, spectators are filled with awe and admiration for the endurance and dedication of the runners. ",Admiration
"At the golf tournament, the golfer's precision and focus lead to a stunning victory, leaving spectators in awe of their exceptional skill. ",Awe
"At a U2 concert, the anthemic chords of 'With or Without You' create a timeless moment of connection. ",Connection
Whispers of inspiration from the rustling leaves in a serene forest.,Inspiration
Whispers of inspiration from the rustling leaves in a serene forest.,Inspiration
"At the summit of Machu Picchu, a breathtaking panorama that whispers the secrets of ancient civilizations. ",Awe
"Dancing to Shakira's rhythmic beats, hips swaying to the hypnotic charm of 'Hips Don't Lie'. ",Hypnotic
"Amazed by the architectural marvels of Petra, each stone telling tales of an ancient civilization. ",Amazement
"Swaying to the reggae vibes of Bob Marley's tribute concert, each chord a journey to Jamaica's soul. ",Journey
Harmony resonates as musicians play a melody of unity and togetherness.,Harmony
"Embarking on a culinary adventure, savoring exotic flavors around the world. ",Adventure
Harmony resonates as musicians play a symphony of unity.,Harmony
"Embarking on a culinary odyssey, savoring flavors around the world. ",CulinaryOdyssey
"In the heart of a bustling market, the street food connoisseur indulges in a culinary adventure, savoring diverse flavors and aromas. ",Culinary Adventure
Disgust at the corruption that stains society.,Disgust
Excited about the upcoming weekend getaway!,Positive
" Drifting through the day with a nonchalant demeanor, embracing the art of indifference. ",Indifference
Loneliness creeps in as the night grows colder.,Loneliness
" Anxiety grips my chest, a relentless grip on my thoughts.",Anxiety
" The complex puzzle of life leaves me in a state of perpetual confusion, seeking answers in the chaos. ",Confusion
" An impenetrable numbness shields me from the emotional storms, a fortress of stoic resilience. ",Numbness
Exploring the city's hidden gems.,Positive
New book release from my favorite author!,Positive
" Anxiety grips my heart, worry clouds my thoughts.  ",Anxiety
Regret over missed opportunities haunts my thoughts.,Regret
" Frustration escalates, a thunderstorm of emotions. ",Frustration
" A tapestry of conflicting feelings, weaving through uncertainty, caught in the threads of ambivalence. ",Ambivalence
" Bitterness festering like a venomous vine, entwining the soul in a web of resentment, poisoning the garden of peace. ",Bitterness
" Melancholy as a companion, painting the canvas of life with the brushstrokes of wistful yearning. ",Melancholy
" Fearful whispers in the dark, the mind haunted by the specter of the unknown, shadows dancing to the rhythm of anxiety's tune. ",Fearful
" In the embrace of the autumn breeze, leaves of ambivalence dancing in a waltz between choices and uncertainties. ",Ambivalence
" Embraced by the hopeful dawn, a gardener sowing seeds of optimism, tending to the blooms of a brighter tomorrow. ",Hopeful
" Whispering tales of inspiration to the stars, a storyteller crafting constellations from the threads of imagination. ",Inspired
" Embraced by the hopeful dawn, a gardener sowing seeds of optimism, tending to the blooms of a brighter tomorrow. ",Hopeful
" Whispering tales of inspiration to the stars, a storyteller crafting constellations from the threads of imagination. ",Inspired
" Apprehensive steps on the tightrope of uncertainty, a balancing act where the fall seems inevitable, anxiety a constant companion. ",Apprehensive
" Dismissive glances, a fortress built with indifference, walls impenetrable to the pleas of understanding and recognition. ",Dismissive
" Frustrated attempts to mend a broken connection, the threads of understanding slipping through the fingers like grains of sand. ",Frustrated
Experiencing cyberbullying. Hateful messages online are disheartening.,Hate
Sunday brunch with friends.,Positive
Celebrating a friend's birthday tonight! üéÇ,Positive
Calmness prevails as I practice mindfulness.,Calmness
Shame for not being true to my values in a difficult situation.,Shame
Empowered to make a difference in my community.,Empowerment
The euphoria of a surprise birthday celebration.,Euphoria
Empowerment through mentoring and guiding others.,Empowerment
" Loneliness in a crowded room, a silent cry for connection.",Loneliness
" Embracing the ebb and flow of life, finding acceptance in the dance of existence. ",Acceptance
" Entangled in the web of thoughts, confusion reigning as I navigate the labyrinth of ideas. ",Confusion
" Extending a hand, empathetic threads weaving a tapestry of understanding, embracing the joys and sorrows of others. ",Empathetic
" Bathed in the glow of inspiration, a creative phoenix rising from the ashes of ordinary thoughts to explore new realms. ",Inspired
" Bitterness, a bitter chill in the air, freezing moments into icicles of resentment that dangle precariously over the landscape of memory. ",Bitterness
" Jealousy, a festering wound, the pain intensifying with each glance at the garden of others' achievements, blooming beyond the fence. ",Jealous
Late-night gaming session with friends.,Positive
Weekend road trip to explore scenic views.,Positive
The state of the world's environment is just disgusting.,Disgust
An amusing incident brightened up my day!,Amusement
The state of corruption in our society is utterly disgusting.,Disgust
Amused by the antics of my pet‚Äîit's pure amusement!,Amusement
" Meditating by the serene lake, finding inner peace.   ",Serenity
Reverence for the beauty of a historic landmark.,Reverence
Reverence for the artistry displayed in a museum.,Reverence
Hopeful about the potential for personal growth.,Hope
Feeling blessed for the supportive community in times of need.,Blessed
Surprise and delight at discovering a hidden gem in the city.,Surprise
"Melancholy lingers, a bittersweet serenade in the quietude of solitude. ",Melancholy
"Swept away by the river of regret, the currents of the past refusing to release. ",Regret
"Swaying to Ed Sheeran's acoustic melodies, a serene evening filled with 'Perfect' moments. ",Serenity
"Connecting with the melody of a live orchestra, the music enthusiast experiences a symphony that resonates deep within the soul. ",Harmony
Spontaneously booked a weekend getaway. Adventure awaits! #TravelBug #WeekendEscape,Excitement
"Exploring the art of meditation, finding tranquility in the stillness of the mind. #MeditationJourney #TranquilMind ",Contentment
"Joined a nature photography club, capturing the beauty of the great outdoors. Every click is a connection to nature. #NaturePhotography #SeniorPhotographer ",Joy
"Enrolled in a dance class for seniors, moving to the rhythm of life. Age is just a number on the dance floor. #DanceClass #SeniorDancer ",Joy
"Joined a seniors' astronomy club, stargazing and finding wonder in the vastness of the cosmos. #AstronomyClub #SeniorStargazer ",Curiosity
Hosting a sleepover with friends this weekend. Preparing for a night of laughter and memories!,Excitement
Received a not-so-great grade on a major project. Academic frustration setting in.,Bad
Facing rejection from a dream college. Disheartened but determined to explore other paths.,Sad
Sharing favorite book recommendations with classmates. Building a mini book club.,Neutral
Just finished a challenging workout routine.,Positive
Arousal of excitement for an upcoming festival.,Arousal
" A fiery determination burning within, fueled by the vision of reaching unparalleled heights. ",Determination
" Determination ablaze, forging a path through challenges, sculpting dreams into tangible realities. ",Determination
"Lost in the pages of a captivating novel, transported to another world. ",Immersion
"In the garden of broken dreams, petals fall, a silent testimony to shattered hopes. ",Desolation
Planning a surprise scavenger hunt for friends. Anticipating the thrill and excitement!,Excitement
Had a bad day at school. Everything seems to be going wrong.,Bad
Missing out on a long-anticipated event due to unexpected circumstances. A day filled with sadness.,Sad
Volunteering at a local charity event to give back to the community. Contributing to social causes.,Neutral
Collaborating on a science project that received recognition at a regional fair. Science triumphs and smiles!,Happy
Feeling a sense of despair after a major project failure. Hard work didn't pay off this time.,Sad
"Exploring a new hiking trail with friends over the weekend. Nature, laughter, and good vibes! ",Happy
"Participating in a multicultural festival, celebrating diversity with music, dance, and delicious food! ",Happy
Quality time with family this weekend.,Positive
Starting a new fitness challenge tomorrow! üí™,Positive
Overflowing with adoration for my adorable pet! üêæ,Adoration
Overflowing adoration for a cute rescue puppy! üê∂,Adoration
Serenity found in the pages of a favorite book.,Serenity
" Curiosity driving the exploration of the unknown, a seeker of knowledge in uncharted territories. ",Curiosity
" A free spirit soaring on the wings of dreams, leaving trails of independence in the azure sky of boundless possibilities. ",Free-spirited
" A free spirit soaring on the wings of dreams, leaving trails of independence in the azure sky of boundless possibilities. ",Free-spirited
Nostalgia hits while flipping through an old photo album.,Nostalgia
"Tears fall like raindrops, mourning the end of a cherished friendship. ",Grief
"A soul adrift in the sea of solitude, waves of loneliness crashing relentlessly. ",Loneliness
"Rocking out to the guitar solos at a Queen tribute concert, a journey back in time with Freddie's spirit. ",Nostalgia
"Amidst the pages of a captivating mystery novel, the reader unravels clues and secrets, experiencing a thrilling journey of suspense and revelation. ",Thrilling Journey
Spent an hour choosing the perfect filter for a selfie. The struggle for that Instagram aesthetic is real. #SelfieQueen #TeenVibes,Joy
"Attended a vintage car show, reminiscing about the classics that once ruled the roads. Nostalgia in every rev. #VintageCars #ClassicRides ",Joy
"Started a book club for seniors, where discussions are as lively as the characters in the novels. #BookClub #SeniorReaders ",Joy
"Started a blog sharing the wisdom gained through the years, proving that every day is a chance to learn and grow. #SeniorWisdom #Blog ",Gratitude
"Accidentally spilled paint in art class. Abstract art, right? #ArtClassAdventures #HighSchoolArtist ",Embarrassed
Accidentally liked my crush's old photo while stalking their profile. Awkward level: Maximum!,Embarrassed
Tried a magic trick to impress classmates. Magic fail: Where did that rabbit go?,Embarrassed
Organizing a movie marathon with friends. Popcorn and cinematic adventures await!,Joy
Attending a school club meeting to explore new interests. Dabbling in extracurricular activities.,Neutral
Creating a beautiful mural with fellow art enthusiasts. The power of collaboration and creativity!,Happy
Attempting to impress the teacher with an elaborate science experiment. Science geek mode: Activated!,Excitement
Trying out a new smoothie recipe for a healthy start to the week. Smoothie enthusiast: Level up!,Excitement
Dealing with unfounded rumors circulating about personal life. Rumors can be hurtful.,Hate
Embarking on a mission to find the best burger joint in town. Burger connoisseur: Reporting for duty!,Excitement
Confusion clouds my mind as I navigate through decisions.,Confusion
Confusion reigns as I try to make sense of recent events.,Confusion
" A moment of tenderness, connecting with loved ones.    ",Tenderness
Tenderness in the warmth of a cozy winter evening.,Tenderness
Tenderness in a heartfelt message to a loved one.,Tenderness
Elation after achieving a fitness milestone.,Elation
"In the garden of contentment, each bloom whispers tales of inner peace and joy. ",Contentment
Exploring the world of coding. Debugging is an adventure on its own! #CodingJourney #HighSchoolCoder,Excitement
Exploring a new hobby of photography during free time. Capturing moments through a lens.,Neutral
Celebrating a friend's birthday with a surprise party. Joyful moments and laughter all around!,Happy
Contemplating life's mysteries under the starry night sky.,Contemplation
Appreciation for the vibrant culture experienced during travel.,Appreciation
Pride in achieving a personal milestone in career progression.,Pride
Spellbound by the elegance of a ballroom dance under crystal chandeliers.,Elegance
Dazzled by the elegance of a masquerade ball's dazzling costumes.,Dazzle
"In the tennis grand slam, a fierce rivalry unfolds, captivating fans with a display of skill and sportsmanship on the world stage. ",Captivation
Survived a group project without any drama. Miracles do happen. #GroupProjectSuccess #TeenAchievements,Satisfaction
Decided to learn a new instrument. Day one: Still trying to figure out how to hold it. #MusicNovice #LearningJourney,Frustration
"Reflecting on a lifetime of memories, each wrinkle tells a story. Embracing the beauty of aging. #LifeReflections #BeautyInAging ",Gratitude
"Reconnecting with old friends over a cup of tea. Friendship, the true essence of companionship. #OldFriends #Companionship ",Contentment
"Sipping on a favorite vintage wine, each sip telling a story of the years gone by. Cheers to a life well-lived. #WineLover #VintageCheers ",Contentment
"Joined a writing group, penning down thoughts and reflections. Writing, a journey into the depths of the soul. #WritingGroup #SeniorWriter ",Gratitude
"Embarked on a hiking adventure, conquering trails and relishing the beauty of nature. Age is just a number on the mountaintop. #HikingAdventure #SeniorHiker ",Excitement
Spent hours perfecting a chemistry experiment. Mixing potions like a wizard!,Joy
Overflowing happiness: welcoming a new family member!,Happiness
Pride in completing a challenging fitness challenge.,Pride
Inspiration strikes while observing the colors of a vibrant sunset.,Inspiration
"In the symphony of excitement, each note is a burst of energy, igniting the soul with fervor. ",Excitement
"Experiencing the magic of a Coldplay concert, where 'Fix You' becomes a beacon of hope in the night. ",Hope
"Immersed in the soulful melodies of Adele, tears flow freely, moved by the emotion of 'Hello'. ",Emotion
"Facing a defeat in the championship, the boxer reflects on the challenges, vowing to return stronger and more determined in the next bout. ",Reflection
"Discovered a new book series and spent the whole night reading. Who needs sleep, anyway? #BookwormLife #LateNightReading ",Joy
Embarking on a journey of learning a new language. The mind stays young with every new word. #LanguageLearning #NeverTooLate,Curiosity
"Attended a lecture on history, always fascinated by the lessons from the past. Learning is a lifelong adventure. #HistoryLecture #SeniorLearning ",Curiosity
"As the credits roll, a profound sense of nostalgia washes over, reminiscent of cherished moments in classic films. ",Nostalgia
Embarked on a DIY home decor project. Let's hope it turns out better than last time. #DIYAdventure #TeenHomeDecor,Excitement
"Attended a wine tasting event, savoring the richness of flavors that age like fine wine. Cheers to the golden years! #WineTasting #SeniorWineLover ",Joy
Got my hands on the latest fantasy novel. Diving into realms of magic and adventure!,Excitement
Suffering from despair after another setback.,Despair
Winter blues got me feeling low.,Negative
" Jealousy poisons my thoughts, resentment brewing within.",Jealousy
Frustration mounts as obstacles block my path.,Frustration
" Drowning in despair, hope slipping through my fingers.",Despair
" Revisiting old photographs, caught in the embrace of nostalgia's bittersweet symphony. ",Nostalgia
" Immersed in a state of emotional numbness, a shield against the storm of daily struggles. ",Numbness
" Frustration boils over, a volcanic eruption of emotions.",Frustration
Regret for decisions that led to a painful present.,Regret
" Leafing through the pages of an old photo album, nostalgia weaving tales of laughter and tears. ",Nostalgia
" Navigating the sea of hope, sailing towards the sunrise of possibilities, confident in the ship of positive anticipation. ",Hopeful
" Melancholy painting the world in hues of nostalgia, a canvas of bittersweet memories. ",Melancholy
Enjoying a beautiful day at the park!,Positive
The new movie release is a must-watch!,Positive
Exploring the world of virtual reality.,Positive
Exploring local art galleries this weekend.,Positive
Feeling a sense of fear after watching a thriller movie.,Fear
Sending affectionate vibes to all my followers!,Affection
The fear of the unknown is keeping me up at night.,Fear
Sending affectionate vibes to friends and family.,Affection
The victory of our team brought euphoria to the city.,Euphoria
Enthusiastically diving into a new project.,Enthusiasm
The euphoria of a live music concert under the stars.,Euphoria
Enthusiasm for a new artistic project in the works.,Enthusiasm
The euphoria of a successful product launch.,Euphoria
" Embarking on a journey of discovery, fueled by curiosity and a thirst for knowledge. ",Curiosity
" Dancing through life with the exuberance of a carefree spirit, embracing joy and zest at every turn. ",Zest
" Wandering through the desert of loneliness, each step a heavy sigh, mirages of connection shimmering but never materializing. ",Loneliness
Confidence soars after overcoming public speaking anxiety.,Confidence
Drowning in sorrow as memories of lost love resurface.,Heartbreak
Successfully avoided eye contact with my crush in the hallway. Mission accomplished. #TeenCrush #StealthMode,Excitement
Mastered the art of creating paper airplanes during lecture. Paper planes: Soaring to new heights!,Joy
Reflecting on the challenges of the school year. Feeling a bit overwhelmed with assignments.,Sad
" With empathy as a lantern, wandering through the dark alleys of sorrow, illuminating the path with compassion and care. ",Empathetic
" With empathy as a lantern, wandering through the dark alleys of sorrow, illuminating the path with compassion and care. ",Empathetic
" Jealousy, a green-eyed monster, lurking in the shadows, casting a dark cloud over the sunshine of others' success. ",Jealous
Accidentally walked into the wrong classroom on the first day. Classroom mix-up: Awkward start!,Embarrassed
Encountering online toxicity during a gaming session. Hateful comments can ruin the fun.,Hate
" Unveiling the layers of curiosity, a labyrinth of questions leading to the treasure troves of undiscovered knowledge. ",Curiosity
Accidentally sent a love letter to the wrong person. Love note fail: Maximum embarrassment!,Embarrassed
Feeling down after not making the sports team. Disappointment lingers.,Sad
Attending a live music concert tonight.,Positive
Sunday bike ride through scenic trails.,Positive
A bitter experience turned into a valuable lesson.,Bitter
Bitter experience at the customer service department.,Bitter
Excitement for a quiet evening with a good book.,Excitement
Compassion towards those in need during the holidays.,Compassion
Compassion in volunteering for a local charity.,Compassion
Reverence for the wonders of nature on a hiking trail.,Reverence
" Determination burning like a wildfire, overcoming obstacles, turning dreams into reality. ",Determination
" Loneliness, a solitary moon in a starless sky, casting a cold glow on the landscape of isolation, where echoes bounce in empty spaces. ",Loneliness
"In the labyrinth of grief, the walls echo with the footsteps of lost joy. ",Grief
"In the audience of a Jay-Z performance, the lyrics of 'Empire State of Mind' become an anthem of pride. ",Pride
"At the Oscars, the actor graciously accepts an award, radiating joy and gratitude for the recognition of their outstanding performance. ",Gratitude
"Cheering for the underdog in the basketball finals, the crowd erupts in applause as the team defies odds to claim the championship title. ",Triumph
"In the golf tournament, a missed crucial putt results in defeat, causing the golfer to reflect on the pressure of high-stakes competition. ",Pressure
"At the astronomy observatory, the stargazer marvels at the vastness of the cosmos, contemplating the mysteries hidden within the celestial expanse. ",Celestial Wonder
"Staring at the clock in class, waiting for the bell to ring like it's the most exciting event of the day. #ClassCountdown #TeenLife ",Surprise
Accidentally sent a text meant for a friend to the class group chat. Texting fail: Oops moment!,Embarrassed
Perfecting the art of creating origami during a dull lecture. Origami mastery: A+!,Joy
Caught in a torrential rainstorm without an umbrella. Today's weather is just bad luck.,Bad
Collaborating on a group project to promote teamwork and shared responsibilities. Group effort in action.,Neutral
Crafting intricate friendship bracelets for the whole squad. Friendship level: Expert weaver!,Joy
Participating in a science fair to showcase a unique experiment. Sharing knowledge with peers.,Neutral
Just finished an amazing workout! üí™,Positive
Reflecting on the past and looking ahead.,Positive
Cooking a special dinner for loved ones.,Positive
Admiring the beauty of nature during a peaceful hike.,Admiration
Anticipating a thrilling adventure in the coming weeks.,Anticipation
Kindness witnessed today restored my faith in humanity.,Kind
Admiring the dedication of volunteers at a local charity.,Admiration
Witnessed an act of kindness that made my day.,Kind
Elation over discovering a hidden gem in the city.,Elation
" Curiosity leading me down the rabbit hole of knowledge, a perpetual student in life's classroom. ",Curiosity
" Determination as the driving force, propelling me forward on the path to extraordinary achievements. ",Determination
" A heart overflowing with gratitude, a garden where appreciation blooms in the soil of kindness and connection. ",Grateful
" Envious eyes fixated on the gilded prize, a heartache fueled by the painful desire for possessions that seem forever out of reach. ",Envious
" Overwhelmed by the cacophony of expectations, a drowning soul in the tempest of pressure, struggling to stay afloat. ",Overwhelmed
" Envious gazes cast upon the podium of success, a bitter pill swallowed, the taste lingering as a constant reminder of unattained heights. ",Envious
" Envious eyes locked on the treasure chest of opportunities, a heartache fueled by the desire for keys that seem forever elusive. ",Envious
Whimsical delight in a world of fairy tales and magical creatures.,Whimsy
Whimsical delight in a world of whimsical fairy tales.,Whimsy
"Sinking in the quicksand of despair, the harder you fight, the deeper you descend. ",Despair
Lost my headphones again. How do they vanish into thin air? #HeadphoneMystery #TeenLife,Frustration
"Got dressed for the day, then remembered it's Saturday. Oops. #WeekendVibes #TeenStruggles ",Indifference
Caught up on the latest fashion trends and now planning a shopping spree. #Fashionista #TrendyTeen,Excitement
"Spent the afternoon at a museum, pretending to be cultured. Art enthusiast in the making. #MuseumDay #TeenArtLover ",Curiosity
"Joined a community choir, harmonizing with fellow voices. Music creates bonds that withstand time. #CommunityChoir #HarmonyInAging ",Joy
"Rediscovered the joy of cooking traditional family recipes. The kitchen, a place of cherished memories. #FamilyRecipes #SeniorCooking ",Contentment
"Participated in a local theater production, proving that the stage belongs to every age. #TheaterProduction #SeniorActor ",Joy
"Started learning ballroom dancing, gliding gracefully across the dance floor. Ageless elegance in every step. #BallroomDancing #SeniorDancer ",Joy
"Survived a challenging physics exam. Equations, you won't defeat me! ",Relief
Bonding with friends over the latest K-pop sensation. Fangirling at its finest!,Joy
Mastering the art of the perfect doodle during boring classes. Doodles: A+!,Joy
Creating a secret handshake with friends. Friendship level: Expert!,Joy
Experimenting with a new hair color. A bold change for a bold semester!,Excitement
Experimenting with a new recipe for a school bake sale. Baking adventures in the kitchen.,Neutral
Just published a new blog post. Check it out!,Positive
Reflecting on the importance of mental health.,Positive
Kindness witnessed today restores my faith in humanity.,Kind
" Hopeful for a brighter tomorrow, despite challenges.  ",Hope
" Overwhelmed by the maze of expectations, a minotaur of pressure lurking in the labyrinth, waiting to devour the spirit of resilience. ",Overwhelmed
"Swinging to the rhythms of a Frank Sinatra tribute, feeling the timeless charm of 'Fly Me to the Moon'. ",Charm
"Drenched in confetti at a Katy Perry concert, a kaleidoscope of colors igniting the night sky. ",Colorful
"Rocking out at a Guns N' Roses show, the iconic riffs of 'Sweet Child o' Mine' echoing in the night. ",Iconic
"Bought a new video game, played for hours, forgot to eat. The ultimate gaming session. #GamerLife #NoFoodGaming ",Excitement
Rediscovered childhood cartoons and had a nostalgia-filled marathon. #CartoonNostalgia #TeenMemories,Joy
"Started a photography club at school. Capturing moments, one snapshot at a time! ",Joy
Dealing with a personal setback. Sometimes life throws unexpected challenges.,Sad
" Proudly scaling the peaks of achievement, a mountaineer conquering challenges and planting the flag of success. ",Proud
" Proudly scaling the peaks of achievement, a mountaineer conquering challenges and planting the flag of success. ",Proud
" Proudly scaling the peaks of achievement, a mountaineer conquering challenges and planting the flag of success. ",Proud
Trying out a new study technique for upcoming exams. Exploring different learning strategies.,Neutral
Participating in a school-wide art exhibition. Witnessing creativity and spreading positive vibes!,Happy
Experiencing hate comments for expressing personal opinions. Online negativity prevails.,Hate
Exploring a new part-time job opportunity for gaining work experience. Career development in progress.,Neutral
Successfully completing a challenging coding project. Excitement for overcoming coding hurdles!,Happy
"Organizing a virtual talent show during challenging times, bringing smiles to classmates' faces! ",Happy
Attending a virtual conference on AI.,Neutral
Feeling inspired after attending a workshop.,Positive
Planning a garden makeover for spring.,Positive
A surprise gift from a friend made my day!,Surprise
Enjoying every moment of this trip‚Äîpure enjoyment!,Enjoyment
A surprise visit from an old friend brought tears of joy.,Surprise
Empowerment through learning and personal growth.,Empowerment
Elation after achieving a personal goal.,Elation
" Basking in the serenity of a quiet forest, where the whispers of nature bring peace to the soul. ",Serenity
" Immerse in the serenity of a moonlit night, where the quiet whispers of nature bring peace to the soul. ",Serenity
" Playfully juggling responsibilities, a circus performer balancing the acts of work and joy, tossing laughter into the air. ",Playful
" Playfully juggling responsibilities, a circus performer balancing the acts of work and joy, tossing laughter into the air. ",Playful
Overwhelmed by the support received during a personal challenge.,Overwhelmed
Admiration for the intricate details of a handcrafted masterpiece.,Admiration
Satisfaction derived from successfully completing a DIY project.,Satisfaction
"Tears, the currency of grief, spent in the marketplace of lost love and longing. ",Grief
"In the embrace of the Grand Canyon, nature's masterpiece, a moment to marvel at Earth's grandeur. ",Awe
"At a Michael Jackson tribute show, moonwalking through the hits, a celebration of the King of Pop. ",Celebration
Successfully cooked a gourmet meal for the family. Chef skills unlocked! #ChefMode #TeenChef,Pride
Savoring the flavors of a home-cooked meal. Simple joys are the heart of happiness. #HomeCooking #SimpleJoys,Contentment
"Taking a stroll in the garden, appreciating the beauty of blooming flowers. Nature's wonders never cease. #GardenWalk #FloralBeauty ",Contentment
"Attended a jazz concert and swayed to the rhythm of timeless tunes. Music, a constant companion in the golden years. #JazzConcert #SeniorMusic ",Joy
"Visited an art gallery, appreciating the brushstrokes that tell tales of creativity. Art, an eternal companion. #ArtGallery #SeniorArtLover ",Joy
"Joined a seniors' cycling club, feeling the wind in my hair and the freedom of the open road. #CyclingClub #SeniorCyclist ",Excitement
"Attended a local jazz festival, tapping toes to the tunes that have stood the test of time. Music, a lifelong love affair. #JazzFestival #SeniorMusicLover ",Joy
"Joined the drama club to unleash my inner actor. Lights, camera, action! ",Excitement
"Spent hours on a TikTok dance, only to realize I have two left feet. Dance fail: Unleashed! ",Embarrassed
Got a flat tire on the way to an important meeting. Talk about a series of bad events!,Bad
"Attending a surprise birthday party organized by friends. Surrounded by love, laughter, and good company! ",Happy
Winning a friendly sports competition against rival schools. Victory celebrations in full swing!,Happy
" New year, new fitness goals! üí™                    ",Positive
Awe-struck by the breathtaking sunrise over the mountains.,Awe
"Darkness descends, engulfing the soul in the shadows of despair.  ",Darkness
"Immersed in the pulsating beats of a Bruno Mars concert, where 'Uptown Funk' becomes a city of joy. ",Joy
Convinced the teacher to have class outdoors. Learning equations with a side of fresh air!,Positive
Hiding a snack stash in my backpack for emergency cravings. Snack ninja mode: Activated!,Mischievous
Political discussions heating up on the timeline.,Negative
Productive day ticking off my to-do list.,Positive
Coding a new project with enthusiasm.,Positive
Excited about the upcoming gaming tournament.,Positive
Pure happiness: celebrating a loved one's achievement!,Happiness
Confusion surrounds me as I navigate through life's choices.,Confusion
Gratitude for the supportive community around me.,Gratitude
"Lost in the enchantment of Disneyland, each ride a journey into the realm of childhood fantasies. ",Enchantment
"In the crowd of a Taylor Swift concert, the lyrics of 'Love Story' create an enchanting fairy tale. ",Enchantment
"Embarked on a solo travel adventure, discovering the beauty of new places at my own pace. #SoloTravel #SeniorExplorer ",Excitement
"Hosted a 'memory lane' evening with old friends, reminiscing about the adventures that shaped our lives. #MemoryLane #SeniorReminiscing ",Gratitude
Sneaking snacks into class like a pro. The art of snack-smuggling is a sacred skill!,Mischievous
Elation over discovering a rare book in a quaint bookstore.,Elation
"Dancing on sunshine, each step a celebration of the joy found in simple moments. ",Joy
"At the front row of Adele's concert, each note of 'Someone Like You' resonates with soul-stirring emotion. ",Emotion
"Captivated by the spellbinding plot twists, the audience applauds, experiencing a rollercoaster of emotions at the movie premiere. ",Excitement
"Underneath the city lights, the dancer expresses emotions through graceful movements, creating a mesmerizing performance under the night sky. ",Mesmerizing
Feeling empowered after conquering a challenging hiking trail.,Empowerment
Reflecting on personal growth achieved through life experiences.,Reflection
Wonderment at the beauty of a double rainbow after the rain.,Wonderment
Inspired by the resilience of a lone tree standing tall in a storm.,Resilience
"In the embrace of love, each heartbeat is a melody, dancing to the rhythm of affection. ",Love
"In the heart of New York City, Times Square dazzles with lights, a vibrant spectacle of urban energy. ",Excitement
"Dancing under the stars at Beyonc√©'s live show, feeling the power of 'Single Ladies' in every move. ",Energy
"In the mosh pit of a Metallica concert, the thunderous chords create a symphony of headbanging ecstasy. ",Ecstasy
"In the spotlight at a Lady Gaga show, each costume change is a metamorphosis of creativity and artistry. ",Creativity
"In the crowd of an Ariana Grande concert, the high notes of 'Into You' create a euphoric symphony. ",Euphoria
"At the Olympics, the athlete's perseverance shines through, earning a gold medal and inspiring a generation with their remarkable achievement. ",Inspiration
"In the tennis tournament, a highly anticipated player experiences a setback, leaving fans in shock and questioning the unforeseen turn of events. ",Frustration
"Embarking on a spontaneous road trip, the traveler discovers hidden gems, creating memories that will be cherished for a lifetime. ",Adventure
Relishing a peaceful afternoon with a classic novel. Quiet moments are the best moments. #BookLover #PeacefulAfternoon,Contentment
Capturing the beauty of nature through photography. Every snapshot is a treasure. #NaturePhotography #SeniorPhotographer,Joy
"Embarking on a journey of writing a memoir, documenting a lifetime of experiences. Every story matters. #MemoirWriting #SeniorStories ",Gratitude
"Hosted a family dinner, where laughter echoed louder than the clinking of utensils. Family, the heart of happiness. #FamilyDinner #SeniorHost ",Contentment
Disgust at the sight of injustice and cruelty.,Disgust
" Jealousy gnaws at my confidence, a toxic emotion.  ",Jealousy
" A numbness settles over me, a shield against the overwhelming emotions life throws my way. ",Numbness
" Indifferent to the noise of the world, a silent observer in the midst of life's cacophony. ",Indifference
" Drifting through the day with an air of nonchalance, indifferent to the trivialities of life. ",Indifference
" Sinking in despair, each day darker than the last. ",Despair
" Resentment festers, a wound that refuses to heal.  ",Resentment
" Facing challenges head-on, a determination that fuels the fire within to achieve the impossible. ",Determination
" Bitterness, a bitter aftertaste lingering on the tongue, each word a reminder of wounds that refuse to heal with the passing of time. ",Bitterness
Jealousy consumes me as I witness others' success.,Jealousy
" Melancholy whispers in the breeze, a silent conversation with the echoes of forgotten dreams. ",Melancholy
" Flipping through the pages of an old yearbook, nostalgia painting smiles and tears on my face. ",Nostalgia
" Gazing towards the horizon with hopeful eyes, painting a canvas of dreams illuminated by the sun of optimism. ",Hopeful
" Frustrated fingers tapping on the keyboard, a symphony of annoyance composing an unsolvable puzzle of unmet expectations. ",Frustrated
" Embraced by the hopeful dawn, a gardener sowing seeds of optimism, tending to the blooms of a brighter tomorrow. ",Hopeful
" Frustrated attempts to untangle the knot of confusion, the threads of understanding slipping further into the labyrinth of miscommunication. ",Frustrated
Technology is changing the way we live.,Neutral
Enjoying a cup of tea and watching the sunset.,Positive
Practicing mindfulness with meditation.,Positive
Finding calmness in the midst of a busy day.,Calmness
A moment of shame for not standing up against injustice.,Shame
Finding calmness amidst the chaos of daily life.,Calmness
A moment of shame for not speaking up against injustice.,Shame
Gratitude for the support received during tough times.,Gratitude
Intimidation by the unknown future ahead.,Intimidation
" Intimidation by the challenges ahead, fear takes hold.",Intimidation
" Ambivalence clouding decisions, caught in the crossroads of conflicting emotions. ",Ambivalence
" Hopeful whispers of wind, carrying the promises of a brighter tomorrow, a symphony of optimism in the air of possibilities. ",Hopeful
" Hopeful whispers of wind, carrying the promises of a brighter tomorrow, a symphony of optimism in the air of possibilities. ",Hopeful
Happiness blooms like flowers in a garden on a sunny day.,Happiness
" With a zestful heart, sprinting through fields of enthusiasm, chasing sunbeams and laughter in the meadows of joy. ",Zest
Disappointed with the service at a local restaurant.,Disappointed
Disappointed with the lack of progress in a personal project.,Disappointed
" Floating on clouds of inspiration, an artist painting the sky with strokes of creativity, creating a masterpiece of dreams. ",Inspired
" Floating on clouds of inspiration, an artist painting the sky with strokes of creativity, creating a masterpiece of dreams. ",Inspired
" Eyes wide open in the night, fearful shadows dancing on the walls, the mind a prisoner of imagined horrors. ",Fearful
" Fearful eyes scanning the shadows, a prisoner of the night, terrorized by the lurking monsters born from the mind's darkest corners. ",Fearful
"In the tapestry of despair, threads of hope unravel, leaving a portrait of sorrow. ",Despair
Arousal of excitement before a much-awaited trip.,Arousal
" Soaring on the wings of a free spirit, unburdened by the chains of conformity, painting the sky with independence. ",Free-spirited
Joyful reunion with long-lost friends after years of separation.,JoyfulReunion
Sipping coffee and enjoying a good book.,Positive
Feeling accomplished after a productive day.,Positive
Feeling a sense of fulfillment after reaching a milestone.,Fulfillment
Fulfillment in completing a challenging workout routine.,Fulfillment
Fulfillment in completing a challenging puzzle.,Fulfillment
" Exploring new horizons with the spark of curiosity, an adventurer in the vast landscape of knowledge. ",Curiosity
" Fueled by curiosity, venturing into uncharted realms, a fearless explorer of the mysteries of the world. ",Curiosity
Gratitude for the simple joys found in a cup of morning coffee.,Gratitude
"Serenading the stars with a heart full of gratitude, a melody of thankfulness. ",Gratitude
"Lost in the maze of curiosity, each twist and turn unveils the treasures of discovery. ",Curiosity
"Embracing the aroma of freshly baked bread, the home chef finds joy in the art of baking, creating delicious memories for loved ones. ",Joy in Baking
Feeling grateful for the little things in life.,Positive
Learning a new language for personal growth.,Positive
Heartbroken after hearing the news about a natural disaster.,Sadness
Heartfelt sadness after bidding farewell to a dear friend.,Sadness
Excitement for a weekend road trip to explore new places.,Excitement
" Embracing the beauty of nature, a moment of contentment. ",Contentment
Contentment in the simplicity of a home-cooked meal.,Contentment
Empowerment through learning a new skill.,Empowerment
Drenched in nostalgia while flipping through an old family photo album.,Nostalgia
Attending a virtual reality meetup.,Positive
"Watching a heartwarming family drama, tears flow freely as the characters overcome challenges, leaving the viewer with a warm glow. ",Touched
Contentment in the embrace of a loved one.,Contentment
Enthusiasm for learning new skills and expanding knowledge.,Enthusiasm
"Emotional storm, a whirlwind of sadness engulfs every thought.    ",EmotionalStorm
"Tears, the ink staining the pages of a journal, a testament to silent grief. ",Grief
"In the cricket championship, a nail-biting finish leaves fans on the edge of their seats, experiencing a rollercoaster of emotions. ",Excitement
Thrilled to witness the grandeur of a cultural festival.,Thrill
Anticipation for an upcoming adventure in an exotic destination.,Anticipation
A burst of creativity in the quiet solitude of an artist's studio.,Creativity
A burst of artistic creativity in the quietude of an artist's studio.,ArtisticBurst
"Nostalgia, a bittersweet dance in the moonlit ballroom of cherished memories. ",Nostalgia
"Embarking on a gondola ride in Venice, each canal reflecting the romance of this timeless city. ",Romance
"Exploring the wonders of Ferrari World, the roar of engines creating a symphony of speed. ",Excitement
"In the wasteland of lost trust, the echoes of broken promises reverberate. ",Betrayal
"Captivated by the historical charm of the Colosseum, each stone echoing tales of gladiator valor. ",Captivation
"Torn apart by grief, the echoes of loss reverberate through the soul. ",Grief
"Wandering through a historical museum, the history enthusiast becomes immersed in the tales of the past, envisioning bygone eras. ",Envisioning History
"In the realm of fashion, the designer unveils a collection that tells a story, blending innovation and tradition on the runway of creativity. ",Runway Creativity
"In the cycling world championship, the climber conquers challenging terrains, symbolizing determination and achievement against all odds. ",Determination
Imbued with gratitude for the simple pleasure of a warm cup of tea.,Gratitude
"Wandering through the historical streets of Kyoto, each step a journey into the heart of Japan's traditions. ",Exploration
Bittersweet emotions arise while bidding farewell to a dear friend.,Bittersweet
"Overflowing with joy, a cup of laughter shared with friends, a moment cherished. ",Joy
Giggles and joy echo in the air during a children's playdate.,PlayfulJoy
Joyful laughter resonates through a lively summer carnival.,FestiveJoy
"In the celebration of success, fireworks of accomplishment light up the night sky of triumph. ",Success
"In the tranquility of Kyoto's bamboo forest, whispers of ancient Zen wisdom echo through the groves. ",Tranquility
"At the summit of Mount Fuji, a breathtaking sunrise that paints the sky with hues of accomplishment. ",Accomplishment
"The gymnast's unexpected fall during a routine sparks a wave of sympathy from the audience, highlighting the vulnerability of sports. ",Sympathy
"In the void of heartache, echoes of a love song play, each note a pang of longing. ",Heartache
"Isolation deepens, an emotional winter where warmth is but a distant memory. ",Isolation
"Avoiding the shards of shattered dreams, walking the tightrope of resilience. ",Resilience
"Binge-watching a thrilling crime series, the suspense keeps the viewer on the edge of their seat, creating a rush of adrenaline. ",Suspense
"In the realm of literature, a captivating novel transports the reader to distant lands, weaving a tapestry of imagination and escape. ",Imagination
Rejuvenated by the salty breeze and the sound of waves at the seaside.,Rejuvenation
Rejuvenated by the salty breeze and the sound of waves at the seaside.,Rejuvenation
"Haunted by the specter of lost possibilities, a ghost that refuses to fade away. ",Regret
"Soul-crushing disappointment, hopes shattered like fragile glass. ",Disappointment
"In the midst of a soccer match, an unexpected own goal creates a moment of despair for the player, as teammates console and encourage them. ",Despair
"The echoes of solitude, a silent conversation between a soul and its shadows. ",Solitude
"In the gallery of broken promises, each shattered vow framed, a painful exhibition. ",Betrayal
"Heart in ruins, the remnants of shattered dreams scattered in the wind. ",Ruins
Marveling at the kaleidoscope of colors in a vibrant street market.,Marvel
"A soul weathered by the storm of heartbreak, seeking refuge in the calm after. ",Heartbreak
"As the closing scene unfolds, a sense of satisfaction washes over, completing the cinematic journey with a profound and fulfilling ending. ",Satisfaction
"Exploring the vibrant street art of a cultural neighborhood, each mural tells a story, infusing the city with creativity and expression. ",Creativity
"As the waves crash against the shore, the surfer embraces the thrill of riding the ocean's energy, capturing the essence of freedom in each wave. ",Ocean's Freedom
Mesmerized by the cosmic dance of fireflies on a moonlit night.,Enchantment
Captivated by the ethereal beauty of a field filled with fireflies.,Enchantment
"Aching heart, the symphony of pain plays in the silence of solitude. ",Suffering
"Draped in the warmth of kindness, a quilt of compassion stitched with love. ",Kindness
"In the ruins of hope, echoes of shattered dreams whisper tales of loss. ",Desolation
"A symphony of laughter, each note a key to unlocking the door of boundless happiness. ",Happiness
"In the midst of the Amazon rainforest, a symphony of wildlife creates an orchestra of nature's wonders. ",Wonder
"Celebrating a historic victory in the World Cup, the nation erupts in joy, united by the triumph of their football team. ",Joy
"After a series of defeats, the soccer team faces disappointment, struggling to find the silver lining in a challenging season. ",Disappointment
"Reflecting on life's journey, grateful for the lessons learned. ",Gratitude
Traffic was terrible this morning.,Negative
Feeling a bit under the weather today.,Negative
" Boredom settles like dust, life feels mundane.     ",Boredom
" Boredom lingers, a stagnant pool of indifference.  ",Boredom
" Lost in the vast sea of information, an indifferent wave in the digital ocean. ",Indifference
" Overwhelmed by grief, missing a loved one dearly.  ",Grief
" Boredom sets in, the day feels endlessly dull.     ",Boredom
" Drowning in the abyss of despair, a heart shattered into fragments, lost in the echoing silence of hopelessness. ",Despair
" Despair like a heavy fog, enveloping every thought, blurring the path ahead, a journey in the labyrinth of utter hopelessness. ",Despair
Rainy days call for cozy blankets and hot cocoa.,Positive
Envy eats away at me as I see others' prosperity.,Envy
" Envy poisons my thoughts, coveting others' success.",Envy
" Floating through the day with an air of indifference, detached from the mundane happenings around. ",Indifference
" Stumbling upon an old journal, nostalgia flooding in waves, carrying me to moments long gone. ",Nostalgia
" Wrapped in the cloak of emotional numbness, a shield against the storms of life's turbulence. ",Numbness
"Wrapped in the cloak of emotional numbness, a shield against the storms of life's turbulence. ",Numbness
Celebrating a milestone at work! üéâ,Positive
New painting in progress! üé®,Positive
Trying out a new dessert recipe.,Positive
Pride in accomplishing personal and professional goals.,Pride
" Grief weighs heavy, tears a constant companion.    ",Grief
" Grief overwhelms, a storm of emotions within.      ",Grief
" Torn between conflicting emotions, an ambivalence that paints my decisions in shades of uncertainty. ",Ambivalence
" A journey into the past, flipping through the pages of an old diary, nostalgia taking the lead. ",Nostalgia
" A melancholic symphony playing in the background, the soundtrack of a wistful heart. ",Melancholy
" Lost in the symphony of the night, a moonlit serenade that whispers tales of wanderlust and moonlit dreams. ",Serenity
" Apprehensive whispers in the wind, a forecast of uncertainty, the mind's weather vane spinning wildly in the storm of doubt. ",Apprehensive
Just adopted a cute furry friend! üêæ,Positive
Winter sports day at the local park.,Positive
Feeling optimistic about the week ahead.,Positive
Finding acceptance in the midst of life's challenges.,Acceptance
Embracing acceptance of life's ups and downs.,Acceptance
Feeling bitter about the unfairness in the workplace.,Bitter
Enthusiasm for a creative project in the making.,Enthusiasm
" Ambivalence in the air, caught between the crossroads of conflicting emotions and decisions. ",Ambivalence
" Shattered dreams lie on the floor like fragments of glass, a mosaic of disappointment crafted by the hands of frustration. ",Frustrated
" Shattered dreams lie on the floor like fragments of glass, a mosaic of disappointment crafted by the hands of frustration. ",Frustrated
Navigating through the challenges with determination.,Determination
Amused by the antics of playful kittens during playtime.,Amusement
Feeling lonely on a Saturday night. Sometimes solitude hits harder than expected.,Sad
A cozy evening with a good movie.,Positive
Compassion in action: supporting a local charity event.,Compassion
Hopeful about the possibilities of a new journey.,Hope
Serenity found in the melody of a peaceful piano.,Serenity
" Embracing life's imperfections, finding acceptance in the journey, scars and all. ",Acceptance
Overjoyed by the warmth of a cozy fireplace on a winter evening.,Overjoyed
Numbness sets in as the weight of loneliness grows heavier.,Loneliness
Ran out of snacks during a movie marathon. Crisis level: Emergency! #MovieNightStruggles #TeenProblems,Boredom
"Attended a classical music concert, feeling the timeless melodies resonate. Music transcends generations. #ClassicalMusic #TimelessMelodies ",Joy
"Joined the school debate team. Words are my weapons, and I'm ready for battle! ",Excitement
Encountered some mean-spirited comments online. Dealing with online hate is never easy.,Hate
Having a bad hair day and feeling self-conscious. Bad hair days can affect confidence.,Bad
Collaborating on a school project with peers. Teamwork makes the dream work.,Neutral
Attending a school talent show to support classmates. Applauding the diverse talents on display!,Happy
Can't believe the injustice happening in our society.,Anger
Fuming with anger after a heated argument.,Anger
" Revisiting old memories, feeling a sense of elation. ",Elation
" Navigating the river of contentment, a serene boat cruise through the tranquil waters of inner peace and acceptance. ",Contentment
" Navigating the river of contentment, a serene boat cruise through the tranquil waters of inner peace and acceptance. ",Contentment
Optimism for a bright future amidst challenging times.,Optimism
Missing an important event due to unforeseen circumstances. A day filled with sadness.,Sad
Attending a school assembly to stay informed about upcoming events and announcements. Staying connected with school activities.,Neutral
" A compassionate rain, tears of empathy falling gently, nurturing the seeds of kindness in the garden of human connections. ",Compassionate
" A compassionate rain, tears of empathy falling gently, nurturing the seeds of kindness in the garden of human connections. ",Compassionate
" A compassionate rain, tears of empathy falling gently, nurturing the seeds of kindness in the garden of human connections. ",Compassionate
Practicing a stand-up comedy routine for the upcoming talent show. Comedy gig: In the making!,Joy
Witnessed a heated argument in the cafeteria. Unpleasant atmosphere at lunch.,Hate
Feeling a sense of emptiness after a close friend moves away. Farewells are always sad.,Sad
Laughter is the best medicine‚Äîenjoying a comedy show.,Joy
Excitement building up for the upcoming vacation!,Excitement
Laughter is the key to joy‚Äîattending a stand-up comedy show.,Joy
Excitement building up for a surprise birthday party.,Excitement
Hopeful about the prospects of a new business venture.,Hope
Feeling a sense of fulfillment after helping others.,Fulfillment
Serenity found in the beauty of a sunset by the sea.,Serenity
" Playfully dancing in the rain of laughter, a whimsical spirit twirling in the puddles of joy and lightheartedness. ",Playful
" Overwhelmed by the weight of the world, Atlas with trembling shoulders, each responsibility a boulder in the landscape of exhaustion. ",Overwhelmed
Captivated by the serenity of a tranquil garden in full bloom.,Serenity
Giddy with excitement as the first snowflakes dance from the sky.,Excitement
"Sinking like autumn leaves in the river of sorrow, carried away by the current. ",Sorrow
"Witnessing a heartwarming comeback in the hockey finals, fans share tears of joy as the team secures a historic victory after adversity. ",Heartwarming
"Experiencing a series of losses in the basketball season, the team grapples with frustration, determined to turn the tide with renewed effort. ",Renewed Effort
"Entered the kitchen with the intention to cook. Left with a bag of chips. Cooking is overrated, anyway. #MasterChefInTraining #TeenHumor ",Disgust
Spent hours creating the perfect playlist for every mood. Music is my therapy. #PlaylistMaker #TeenMusicLover,Joy
Exploring the world of digital art. It's never too late to discover new passions. #DigitalArtistry #LateBloomer,Curiosity
"Embarked on a road trip to revisit cherished places from the past. Nostalgia, the ultimate travel companion. #RoadTrip #NostalgiaTour ",Joy
"Participated in a community art class, unleashing creativity in the golden years. Art has no age limit. #ArtClass #SeniorArtistry ",Joy
Hosted a photography exhibition featuring snapshots of a life well-lived. Every photo has a story to tell. #PhotographyExhibition #SeniorPhotographer,Gratitude
Successfully organized a surprise birthday party for a friend. Party planning expert mode: Achieved!,Joy
Trying to set a new trend by juggling textbooks between classes. Academic juggling: A unique skill!,Excitement
Having a string of bad luck with constant technology malfunctions. Tech troubles galore!,Bad
Participating in a debate club to enhance critical thinking and communication skills. Intellectual engagement in progress.,Neutral
Successfully fundraising for a school charity initiative. The joy of giving back to the community!,Happy
" Confident strides in the dance of life, a ballroom where self-assuredness leads, twirling through challenges with grace. ",Confident
" Confident strides in the dance of life, a ballroom where self-assuredness leads, twirling through challenges with grace. ",Confident
Attending a workshop on time management to enhance organizational skills. Striving for efficiency.,Neutral
Receiving a heartfelt letter from a pen pal in another country. Connecting across the globe!,Happy
Enjoying a quiet evening with a book and some tea.,Enjoyment
Elation after a surprise reunion with old friends.,Elation
Tenderness in a quiet moment shared with a pet.,Tenderness
Elation after a surprise reunion with a childhood friend.,Elation
" Tranquil moments by the ocean, serenity washing over, a peaceful retreat within the waves' embrace. ",Serenity
" Seeking serenity in the melody of raindrops, a tranquil escape from the noise of everyday life. ",Serenity
" Standing tall, proud as an oak, the branches of achievement reaching towards the sky of accomplishment. ",Proud
" Devastated by the revelation of betrayal, the trust shattered like fragile glass, leaving shards of pain in its wake. ",Devastated
Contentment in the midst of a family gathering filled with laughter.,Contentment
"Avoiding the thorns of regret, walking barefoot on the path of remorse. ",Regret
"Betrayal, a venomous serpent slithering through the garden of trust, poisoning roots. ",Betrayal
Decided to study for exams but ended up making memes about studying instead. Procrastination level: Expert. #ProcrastinationNation #TeenConfessions,Surprise
Danced in the rain to celebrate the end of exams. Rain dance: Unexpectedly refreshing!,Joy
Attempting to set a new record for the most consecutive hacky sack kicks. Hacky sack skills: Unleashed!,Excitement
Building a time capsule to capture memories for the future. Time-traveling emotions!,Joy
Organizing a community cleanup event for a cleaner neighborhood. Promoting environmental awareness.,Neutral
Achieving a personal best in a track and field competition. The thrill of victory and self-improvement!,Happy
Attempting to beat the record for the most consecutive cartwheels. Cartwheel challenge: Underway!,Excitement
Attended a concert and danced the night away. Music is the heartbeat of life. #ConcertVibes #DanceAllNight,Joy
"Started a community garden, growing not just plants but friendships too. Green thumbs unite! #CommunityGarden #SeniorGardener ",Joy
"Organized a community painting event, turning blank canvases into a masterpiece of shared creativity. #PaintingEvent #SeniorArtist ",Joy
Attempting to break the school record for the longest handstand. Wish me luck!,Excitement
"Streaming the latest web series, the viewer is engrossed in the characters' journey, feeling a sense of connection and empathy. ",Engagement
"As the first snowflake descends, the winter enthusiast eagerly prepares for a season of frosty delights, anticipating the magic of snow-covered landscapes. ",Winter Magic
Started a blog about random thoughts and musings. Blogging is the new diary. #BloggerLife #TeenBlogger,Curiosity
"Hosted a picnic in the park, basking in the warmth of friendship and sunshine. Simple joys, timeless memories. #ParkPicnic #SeniorJoy ",Contentment
"Participated in a charity run, proving that age is no barrier to supporting meaningful causes. #CharityRun #SeniorRunner ",Excitement
"Daydreaming about the upcoming prom. The dress, the dance ‚Äì it's a fairytale in the making! ",Excitement
Trying to master the perfect kickflip on my skateboard. Skating into the weekend like a pro!,Excitement
Tried to impress my crush with a smooth conversation. Ended up spilling my drink. Smooth level: Nonexistent!,Embarrassed
"Surrounded by the colors of joy, a canvas painted with laughter and endless smiles. ",Joy
"At a Justin Bieber concert, the infectious beats of 'Baby' create a dance floor of unbridled enthusiasm. ",Enthusiasm
"In the serene beauty of a sunset, nature unfolds a canvas of colors, evoking a sense of tranquility and wonder. ",Tranquility
Enveloped in serenity while practicing mindfulness by the lake.,Mindfulness
Exploring the universe within during a mindful meditation session.,InnerJourney
"Emotional exhaustion, the weight of the world crushing weary shoulders. ",Exhaustion
"Laughter echoes in the air, a chorus of happiness that lifts the spirit higher. ",Happiness
Spent the day binge-watching a new series. Productivity level: Zero. #LazyDay #TVSeriesMarathon,Joy
Intrigued by the symphony of colors in an abstract art exhibition.,Intrigue
Immersed in the enchanting melodies of a street musician's violin.,Melodic
"Haunted by regrets, the ghost of the past lingers relentlessly.   ",Regret
"In the dance of positivity, every step is a rhythm, uplifting the soul in harmony. ",Positivity
"Like a comet of inspiration, streaking through the sky of creativity, leaving trails of brilliance. ",Inspiration
"Desperation whispers, the silent plea for a glimmer of hope in the abyss. ",Desperation
"Sinking like a stone in the ocean of heartbreak, each ripple a sigh of despair. ",Heartbreak
"Discovering a hidden gem in the world of documentaries, the viewer is enlightened and inspired, feeling a renewed sense of curiosity. ",Inspiration
"In the midst of a cycling race, a tire blowout leads to frustration for the cyclist, who valiantly tries to overcome the unexpected obstacle. ",Obstacle
"Engulfed in the aroma of freshly brewed coffee, the writer finds inspiration in every sip, embarking on a journey of creativity and prose. ",Creative Inspiration
Contentment envelops as the aroma of freshly baked bread fills the air.,Contentment
"Like a withered rose in the garden of love, petals fall, a silent surrender to time. ",Loss
"Wandering through the cemetery of lost dreams, tombstones marking untold sorrows. ",Desolation
"Standing before the grandeur of the Eiffel Tower, a moment to reflect on the beauty of Parisian dreams. ",Reflection
Excitement builds as the countdown to a long-awaited vacation begins.,Excitement
"Amidst the bustling city, a quiet caf√© becomes a sanctuary for reflection, where a cup of coffee brings solace to the wandering mind. ",Solace
Curiosity sparked by exploring a mysterious ancient ruin.,Curiosity
Pensive contemplation amid the ancient ruins of a forgotten civilization.,Pensive
Reflective contemplation amid the ruins of a forgotten era.,Reflection
"Journeying through the serenity of Santorini, where each sunset paints the sky with hues of tranquility. ",Serenity
"Exploring the historical architecture of an ancient city, the traveler is transported to a bygone era, where each monument whispers tales of the past. ",Whispers of the Past
"The bitterness of betrayal, a taste that lingers, staining the palate of trust. ",Bitterness
"Wandering in the maze of betrayal, the walls closing in with every wrong turn. ",Betrayal
"Sorrowful echoes, a symphony of pain played by the strings of loss. ",Sorrow
Embracing the thrill of speed on a rollercoaster's exhilarating twists.,Thrill
Riding the adrenaline rush on a rollercoaster's wild twists.,Adrenaline
"Shattered by betrayal, trust crumbles like fragile glass.          ",Betrayal
"In the symphony of grief, each tear is a note, composing a melancholic melody. ",Grief
Awash with serenity as the sun sets over a tranquil lakeside retreat.,Serenity
"Basking in the glow of accomplishment, each milestone a stepping stone to happiness. ",Accomplishment
"Floating on clouds of gratitude, each raindrop a blessing, a shower of thankfulness. ",Gratitude
"As the movie credits roll, the viewer experiences a mix of awe and contemplation, pondering the deeper meanings woven into the storyline. ",Contemplation
"Experiencing the thrill of a high-speed Formula 1 race, fans are on the edge of their seats as drivers compete for the championship. ",Thrill
"In the world of science, a breakthrough discovery unfolds, pushing the boundaries of knowledge and opening new frontiers of exploration. ",Breakthrough
"The weightlifter's failed attempt at a personal record results in frustration, highlighting the challenging nature of pushing physical limits. ",Challenge
Resentment building up over past betrayals.,Resentment
Helplessness sinks in as challenges pile up.,Helplessness
" Helplessness engulfs me, drowning in a sea of problems.",Helplessness
" Numb to the chaos, emotions locked away, a stoic facade concealing the inner turmoil. ",Numbness
" Resentment festers, poisoning relationships.       ",Resentment
" Yearning for a touch that's not there, echoes of a distant warmth haunting the heart in the cold embrace of solitude. ",Yearning
" Yearning for the warmth of a vanished sun, a heartache painted in the hues of a sunset that never graced the horizon. ",Yearning
Trying out a new recipe for dinner tonight.,Neutral
" Gazing at the sunset, a melancholic longing for moments that slip through the fingers of time. ",Melancholy
" Serenity found in the stillness of nature, a tranquil retreat from the chaos of the modern world. ",Serenity
" Dismissive gestures, a curtain drawn to shield the vulnerability, a stage where emotions take a backseat to the performance of indifference. ",Dismissive
" Dismissive gestures, a curtain drawn to shield the vulnerability, a stage where emotions take a backseat to the performance of indifference. ",Dismissive
" Wrestling with thoughts, a perplexed mind lost in the labyrinth of life's complexities. ",Confusion
" Navigating through the labyrinth of thoughts, confusion a constant companion in the maze of ideas. ",Confusion
" Lost in the labyrinth of thoughts, confusion casting shadows on the quest for clarity. ",Confusion
Quiet evening with a good book.,Positive
Reflecting on the beauty of nature.,Positive
Sharing love and positive vibes with everyone! ‚ù§Ô∏è,Love
Sending love to all my followers on this beautiful day! ‚ù§Ô∏è,Love
Gratitude for the small joys that each day brings.,Gratitude
Enthusiasm for a DIY home improvement project.,Enthusiasm
" Loneliness echoes in empty spaces, yearning for connection.",Loneliness
" Embracing the flaws, finding acceptance in imperfection, a journey towards self-love. ",Acceptance
" Torn between opposing emotions, an ambivalence that colors my decisions with shades of uncertainty. ",Ambivalence
" Jealousy, a venom that seeps through the veins, poisoning the heart and turning it into a breeding ground for discontent. ",Jealous
" Charting a course through the waves of hopeful anticipation, a sailor steering towards the shores of dreams yet unexplored. ",Hopeful
" Charting a course through the waves of hopeful anticipation, a sailor steering towards the shores of dreams yet unexplored. ",Hopeful
Missing summer vibes and beach days.,Neutral
Compassion shown through acts of kindness in the community.,Compassion
Reverence for the historical significance of a landmark.,Reverence
" Embracing imperfections, finding acceptance in the mosaic of life's beautiful chaos. ",Acceptance
" Embracing the beauty in imperfections, finding acceptance in the mosaic of life's unpredictable art. ",Acceptance
" Basking in the golden glow of contentment, a serene river flowing through the landscape of the heart. ",Contentment
" Compassionate clouds, heavy with care, showering empathy on the parched grounds of human suffering. ",Compassionate
" Loneliness, a silent companion in the night, the only echo in the chamber of solitude, a heart's solitary nocturne. ",Loneliness
" Loneliness, a silent companion in the night, the only echo in the chamber of solitude, a heart's solitary nocturne. ",Loneliness
Calmness found in the rhythm of raindrops on the windowpane.,Calmness
Curiosity piqued by the mysteries of an ancient archaeological site.,Curiosity
Curiosity awakened by the mysteries of an ancient archaeological site.,Curiosity
" Gratitude as a guiding star, navigating the constellation of blessings in the vast universe of life's precious moments. ",Grateful
" Bathed in the golden hues of gratefulness, a sunset of appreciation casting its warm glow on the landscapes of the heart. ",Grateful
" Bathed in the golden hues of gratefulness, a sunset of appreciation casting its warm glow on the landscapes of the heart. ",Grateful
Anticipating the release of a much-awaited movie.,Anticipation
Arousal of excitement as I await a special announcement.,Arousal
Arousal of excitement for an upcoming adventure.,Arousal
Nostalgic memories flood in while revisiting childhood favorites.,Nostalgia
"Shattered by the echoes of a shattered dream, fragments of hope scattered. ",Desolation
Experiencing awe at the breathtaking sunset.,Awe
Awe-struck by the beauty of the night sky.,Awe
Reflecting on the beauty of diversity in our world.,Acceptance
A sense of accomplishment after completing a challenging workout.,Accomplishment
"Whispers of lost love linger in the attic of the heart, forgotten but not erased. ",Loss
"At the film festival, the indie filmmaker's creation receives a standing ovation, evoking pride and a sense of accomplishment. ",Pride
"Capturing the essence of a bustling market, the photographer freezes moments in time, each frame telling a unique and vibrant story. ",Vibrancy
" A playful escapade in the carnival of life, carousel laughter and cotton candy dreams swirling in the joyous atmosphere. ",Playful
" A playful escapade in the carnival of life, carousel laughter and cotton candy dreams swirling in the joyous atmosphere. ",Playful
" A playful escapade in the carnival of life, carousel laughter and cotton candy dreams swirling in the joyous atmosphere. ",Playful
" Striding with confidence, footprints of self-assuredness imprinted on the sands of challenges conquered and victories claimed. ",Confident
" Devastated by the storm of betrayal, the wreckage of trust scattered like debris, a heart torn by the winds of broken promises. ",Devastated
" Devastated, a heart in ruins, the echoes of shattered dreams reverberating in the chambers, a requiem for what once was whole. ",Devastated
"Bitterness like a poison, seeping into every crevice of the wounded heart. ",Bitterness
"A surprise gift, wrapped in anticipation, unfolds a moment of delight and wonder. ",Surprise
"Despair clouds the mind, feeling adrift in an endless sea of darkness. ",Despair
"In the labyrinth of despair, the echoes of a broken heart reverberate endlessly. ",Despair
"Despite meticulous training, the swimmer faces disappointment as a split-second miscalculation costs them the lead in a crucial race. ",Miscalculation
"Surrounded by the vibrant colors of a flower garden, the gardener nurtures blossoms, finding joy in the beauty of nature's ever-changing canvas. ",Nature's Beauty
Pride in achieving a personal milestone.,Pride
Overflowing with gratitude for life's blessings.,Gratitude
Contentment in the simplicity of a quiet Sunday.,Contentment
Excitement builds while preparing for a surprise celebration.,Excitement
Chasing dreams like a kite soaring high in the vast open sky.,DreamChaser
Soaring like a free spirit on the winds of a coastal cliff.,Freedom
Spark of inspiration ignites like a shooting star in the night sky.,Spark
"Chasing dreams under the vibrant sky, a journey fueled by hope and enthusiasm. ",Enthusiasm
Motivated to achieve fitness goals after an invigorating workout.,Motivation
"Painful echoes of a love once cherished, now lost in the abyss of time. ",LostLove
Radiant joy akin to blooming flowers on a sun-kissed spring morning.,Radiance
Radiant joy akin to blossoming flowers on a sunlit spring morning.,Radiance
"Amidst the tulip fields of Keukenhof, a tapestry of colors that paints the soul with springtime joy. ",Joy
"Skiing down the slopes of the Swiss Alps, each turn a dance with the majesty of snow-capped peaks. ",Adventure
Savoring the warmth of a cup of cocoa on a chilly winter evening.,Coziness
Savoring the warmth of a cup of cocoa on a chilly winter evening.,Coziness
"Suffocating in the silence of solitude, where echoes of laughter once thrived. ",Isolation
"In the garden of friendships, each bloom a testament to the beauty of camaraderie. ",Friendship
A sense of wonder at the vastness of the cosmos on a stargazing night.,Wonder
Awe-inspired by the vastness of the cosmos on a stargazing night.,Wonder
"Heartache deepens, a solitary journey through the abyss of despair. ",Despair
"In the carnival of emotions, the rollercoaster of thrill sends the heart on a wild ride. ",Thrill
